post/windows/gather/ad_to_sqlite                                                                    normal     No     AD Computer, Group and Recursive User Membership to Local SQLite DB
post/aix/hashdump                                                                                   normal     No     AIX Gather Dump Password Hashes
auxiliary/scanner/http/accellion_fta_statecode_file_read                           2015-07-10       normal     No     Accellion FTA 'statecode' Cookie Arbitrary File Read
exploit/windows/browser/adobe_flash_otf_font                                       2012-08-09       normal     No     Adobe Flash Player 11.3 Kern Table Parsing Integer Overflow
exploit/windows/browser/adobe_flash_rtmp                                           2012-05-04       normal     No     Adobe Flash Player Object Type Confusion
exploit/linux/http/advantech_switch_bash_env_exec                                  2015-12-01       excellent  Yes    Advantech Switch Bash Environment Variable Code Injection (Shellshock)
exploit/windows/http/advantech_iview_networkservlet_cmd_inject                     2022-06-28       excellent  Yes    Advantech iView NetworkServlet Command Injection
exploit/windows/http/advantech_iview_unauth_rce                                    2021-02-09       excellent  Yes    Advantech iView Unauthenticated Remote Code Execution
post/windows/gather/credentials/aim                                                                 normal     No     Aim credential gatherer
auxiliary/admin/android/google_play_store_uxss_xframe_rce                                           normal     No     Android Browser RCE Through Google Play Store XFO
post/android/gather/hashdump                                                                        normal     No     Android Gather Dump Password Hashes for Android Systems
post/android/manage/remove_lock_root                                                                normal     No     Android Root Remove Device Locks (root)
post/android/capture/screen                                                                         normal     No     Android Screen Capture
post/android/manage/remove_lock                                                    2013-10-11       normal     No     Android Settings Remove Device Locks (4.0-4.3)
exploit/multi/http/apache_jetspeed_file_upload                                     2016-03-06       manual     No     Apache Jetspeed Arbitrary File Upload
auxiliary/admin/vxworks/apple_airport_extreme_password                                              normal     No     Apple Airport Extreme Password Extraction (WDBRPC)
post/windows/manage/archmigrate                                                                     normal     No     Architecture Migrate
auxiliary/admin/http/arris_motorola_surfboard_backdoor_xss                         2015-04-08       normal     No     Arris / Motorola Surfboard SBG6580 Web Interface Takeover
auxiliary/scanner/snmp/arris_dg950                                                                  normal     No     Arris DG950A Cable Modem Wifi Enumeration
exploit/linux/http/artica_proxy_auth_bypass_service_cmds_peform_command_injection  2020-08-09       excellent  Yes    Artica proxy 4.30.000000 Auth Bypass service-cmds-peform Command Injection
auxiliary/parser/unattend                                                                           normal     No     Auxilliary Parser Windows Unattend Passwords
post/windows/gather/avast_memory_dump                                                               normal     No     Avast AV Memory Dumping Utility
post/bsd/gather/hashdump                                                                            normal     No     BSD Dump Password Hashes
exploit/linux/http/bitbucket_git_cmd_injection                                     2022-08-24       excellent  Yes    Bitbucket Git Command Injection
post/windows/gather/bitlocker_fvek                                                                  normal     No     Bitlocker Master Key (FVEK) Extraction
post/windows/gather/bloodhound                                                                      normal     No     BloodHound Ingestor
post/windows/gather/get_bookmarks                                                                   normal     No     Bookmarked Sites Retriever
post/networking/gather/enum_brocade                                                                 normal     No     Brocade Gather Device General Information
auxiliary/scanner/snmp/brocade_enumhash                                                             normal     No     Brocade Password Hash Enumeration
post/multi/manage/fileshare                                                                         normal     No     Browse the session filesystem in a Web Browser
post/hardware/rftransceiver/rfpwnon                                                                 normal     No     Brute Force AM/OOK (ie: Garage Doors)
post/linux/busybox/set_dmz                                                                          normal     No     BusyBox DMZ Configuration
post/linux/busybox/set_dns                                                                          normal     No     BusyBox DNS Configuration
post/linux/busybox/wget_exec                                                                        normal     No     BusyBox Download and Execute
post/linux/busybox/enum_connections                                                                 normal     No     BusyBox Enumerate Connections
post/linux/busybox/enum_hosts                                                                       normal     No     BusyBox Enumerate Host Names
post/linux/busybox/jailbreak                                                                        normal     No     BusyBox Jailbreak
post/linux/busybox/ping_net                                                                         normal     No     BusyBox Ping Network Enumeration
post/linux/busybox/smb_share_root                                                                   normal     No     BusyBox SMB Sharing
post/osx/escalate/tccbypass                                                                         normal     Yes    Bypass the macOS TCC Framework
post/hardware/automotive/can_flood                                                                  normal     No     CAN Flood
post/multi/escalate/cups_root_file_read                                            2012-11-20       normal     No     CUPS 1.6.1 Root File Read
auxiliary/admin/http/cnpilot_r_cmd_exec                                                             normal     No     Cambium cnPilot r200/r201 Command Execution as 'root'
auxiliary/admin/http/cnpilot_r_fpt                                                                  normal     No     Cambium cnPilot r200/r201 File Path Traversal
auxiliary/scanner/http/cnpilot_r_web_login_loot                                                     normal     No     Cambium cnPilot r200/r201 Login Scanner and Config Dump
auxiliary/scanner/snmp/cnpilot_r_snmp_loot                                                          normal     No     Cambium cnPilot r200/r201 SNMP Enumeration
auxiliary/scanner/http/epmp1000_get_chart_cmd_exec                                                  normal     No     Cambium ePMP 1000 'get_chart' Command Injection (v3.1-3.5-RC7)
auxiliary/scanner/http/epmp1000_reset_pass                                                          normal     No     Cambium ePMP 1000 Account Password Reset
exploit/unix/http/epmp1000_get_chart_cmd_shell                                     2017-12-18       excellent  Yes    Cambium ePMP1000 'get_chart' Shell via Command Injection (v3.1-3.5-RC7)
post/hardware/automotive/pdt                                                                        normal     No     Check For and Prep the Pyrotechnic Devices (Airbags, Battery Clamps, etc.)
post/multi/gather/chrome_cookies                                                                    normal     No     Chrome Gather Cookies
post/windows/gather/credentials/chrome                                                              normal     No     Chrome credential gatherer
exploit/linux/http/cisco_asax_sfr_rce                                              2022-06-22       excellent  Yes    Cisco ASA-X with FirePOWER Services Authenticated Command Injection
post/networking/gather/enum_cisco                                                                   normal     No     Cisco Gather Device General Information
post/windows/gather/credentials/comodo                                                              normal     No     Comodo credential gatherer
post/windows/gather/credentials/coolnovo                                                            normal     No     Coolnovo credential gatherer
post/multi/escalate/aws_create_iam_user                                                             normal     No     Create an AWS IAM User
auxiliary/admin/vxworks/dlink_i2eye_autoanswer                                                      normal     No     D-Link i2eye Video Conference AutoAnswer (WDBRPC)
post/windows/gather/credentials/thycotic_secretserver_dump                         2022-08-15       manual     No     Delinea Thycotic Secret Server Dump
post/windows/manage/dell_memory_protect                                                             manual     No     Dell DBUtilDrv2.sys Memory Protection Modifier
post/hardware/automotive/diagnostic_state                                                           normal     No     Diagnostic State
post/multi/sap/smdagent_get_properties                                                              normal     No     Diagnostics Agent in Solution Manager, stores unencrypted credentials for Solution Manager server
post/windows/gather/credentials/digsby                                                              normal     No     Digsby credential gatherer
post/windows/manage/rollback_defender_signatures                                                    normal     No     Disable Windows Defender Signatures
post/android/gather/wireless_ap                                                                     normal     No     Displays wireless SSIDs and PSKs
post/hardware/automotive/ecu_hard_reset                                                             normal     No     ECU Hard Reset
exploit/linux/ssh/exagrid_known_privkey                                            2016-04-07       excellent  No     ExaGrid Known SSH Key and Default Password
post/windows/manage/execute_dotnet_assembly                                                         normal     No     Execute .net Assembly (x64 only)
exploit/linux/ssh/f5_bigip_known_privkey                                           2012-06-11       excellent  No     F5 BIG-IP SSH Private Key Exposure
exploit/linux/http/f5_icontrol_rpmspec_rce_cve_2022_41800                          2022-11-16       excellent  No     F5 BIG-IP iControl Authenticated RCE via RPM Creator
exploit/linux/http/f5_icontrol_soap_csrf_rce_cve_2022_41622                        2022-11-16       excellent  No     F5 BIG-IP iControl CSRF File Write SOAP API
exploit/linux/local/f5_create_user                                                 2022-11-16       normal     No     F5 Big-IP Create Admin User
post/linux/gather/f5_loot_mcp                                                      2022-11-16       normal     No     F5 Big-IP Gather Information from MCP Datastore
post/networking/gather/enum_f5                                                                      normal     No     F5 Gather Device General Information
post/windows/gather/forensics/fanny_bmp_check                                                       normal     No     FannyBMP or DementiaWheel Detection Registry Check
post/firefox/gather/cookies                                                        2014-03-26       normal     No     Firefox Gather Cookies from Privileged Javascript Shell
post/firefox/gather/history                                                        2014-04-11       normal     No     Firefox Gather History from Privileged Javascript Shell
post/firefox/gather/passwords                                                      2014-04-11       normal     No     Firefox Gather Passwords from Privileged Javascript Shell
exploit/multi/browser/firefox_proxy_prototype                                      2014-01-20       manual     No     Firefox Proxy Prototype Privileged Javascript Injection
post/firefox/manage/webcam_chat                                                    2014-05-13       normal     No     Firefox Webcam Chat on Privileged Javascript Shell
post/firefox/gather/xss                                                                             normal     No     Firefox XSS
post/windows/gather/credentials/flock                                                               normal     No     Flock credential gatherer
auxiliary/scanner/ssh/fortinet_backdoor                                            2016-01-09       normal     No     Fortinet SSH Backdoor Scanner
post/windows/manage/forward_pageant                                                                 normal     No     Forward SSH Agent Requests To Remote Pageant
auxiliary/server/wget_symlink_file_write                                           2014-10-27       normal     No     GNU Wget FTP Symlink Arbitrary Filesystem Access
post/windows/gather/credentials/gadugadu                                                            normal     No     Gadugadu credential gatherer
post/multi/gather/aws_ec2_instance_metadata                                                         normal     No     Gather AWS EC2 Instance Metadata
post/linux/gather/enum_commands                                                                     normal     No     Gather Available Shell Commands
post/multi/gather/dbeaver                                                                           normal     No     Gather Dbeaver Passwords
post/multi/gather/grub_creds                                                                        normal     No     Gather GRUB Password
post/multi/gather/minio_client                                                                      normal     No     Gather MinIO Client Key
post/multi/gather/tomcat_gather                                                                     normal     No     Gather Tomcat Credentials
post/linux/gather/ecryptfs_creds                                                                    normal     No     Gather eCryptfs Metadata
post/windows/gather/make_csv_orgchart                                                               normal     No     Generate CSV Organizational Chart Data Using Manager Information
post/multi/recon/multiport_egress_traffic                                                           normal     No     Generate TCP/UDP Outbound Traffic On Multiple Ports
exploit/multi/http/gestioip_exec                                                   2013-10-04       excellent  No     GestioIP Remote Command Execution
post/hardware/automotive/getvinfo                                                                   normal     No     Get the Vehicle Information Such as the VIN from the Target Module
post/linux/manage/geutebruck_post_exp                                                               normal     No     Geutebruck Camera Deface
post/osx/gather/gitignore                                                                           normal     No     Git Ignore Retriever
auxiliary/scanner/http/gitlab_graphql_user_enum                                    2022-02-25       normal     No     GitLab GraphQL API User Enumeration
post/linux/gather/gnome_keyring_dump                                                                normal     No     Gnome-Keyring Dump
exploit/windows/misc/hp_dataprotector_new_folder                                   2012-03-12       normal     No     HP Data Protector Create New Folder Buffer Overflow
exploit/windows/http/hp_sitescope_dns_tool                                         2015-10-09       good       No     HP SiteScope DNS Tool Command Injection
auxiliary/server/browser_autopwn2                                                  2015-07-05       normal     No     HTTP Client Automatic Exploiter 2 (Browser Autopwn)
post/linux/gather/haserl_read                                                                       normal     No     Haserl Arbitrary File Reader
exploit/linux/misc/hikvision_rtsp_bof                                              2014-11-19       normal     No     Hikvision DVR RTSP Request Remote Code Execution
exploit/windows/browser/honeywell_hscremotedeploy_exec                             2013-02-22       excellent  No     Honeywell HSC Remote Deployer ActiveX Remote Code Execution
exploit/windows/browser/clear_quest_cqole                                          2012-05-19       normal     No     IBM Rational ClearQuest CQOle Remote Code Execution
post/windows/gather/credentials/icq                                                                 normal     No     ICQ credential gatherer
post/linux/manage/iptables_removal                                                                  normal     No     IPTABLES rules removal
exploit/multi/http/ispconfig_php_exec                                              2013-10-30       excellent  No     ISPConfig Authenticated Arbitrary PHP Code Execution
post/windows/gather/credentials/ie                                                                  normal     No     Ie credential gatherer
post/windows/gather/credentials/incredimail                                                         normal     No     Incredimail credential gatherer
post/windows/manage/install_ssh                                                                     normal     No     Install OpenSSH for Windows
post/windows/manage/install_python                                                                  normal     No     Install Python for Windows
exploit/multi/fileformat/swagger_param_inject                                      2016-06-23       excellent  No     JSON Swagger CodeGen Parameter Injector
exploit/multi/browser/java_jre17_exec                                              2012-08-26       excellent  No     Java 7 Applet Remote Code Execution
exploit/multi/browser/java_atomicreferencearray                                    2012-02-14       excellent  No     Java AtomicReferenceArray Type Violation Vulnerability
post/multi/gather/jboss_gather                                                                      normal     No     Jboss Credential Collector
post/multi/gather/jenkins_gather                                                                    normal     No     Jenkins Credential Collector
exploit/unix/webapp/joomla_media_upload_exec                                       2013-08-01       excellent  Yes    Joomla Media Manager File Upload Vulnerability
post/networking/gather/enum_juniper                                                                 normal     No     Juniper Gather Device General Information
auxiliary/scanner/ssh/juniper_backdoor                                             2015-12-20       normal     No     Juniper SSH Backdoor Scanner
post/android/local/koffee                                                          2020-12-02       normal     No     KOFFEE - Kia OFFensivE Exploit
post/windows/gather/credentials/kakaotalk                                                           normal     No     KakaoTalk credential gatherer
post/windows/gather/credentials/kmeleon                                                             normal     No     Kmeleon credential gatherer
post/windows/gather/credentials/line                                                                normal     No     LINE credential gatherer
post/multi/gather/lastpass_creds                                                                    normal     No     LastPass Vault Decryptor
post/linux/gather/enum_containers                                                                   normal     No     Linux Container Enumeration
post/linux/dos/xen_420_dos                                                                          normal     No     Linux DoS Xen 4.2.0 2012-5525
post/linux/gather/enum_configs                                                                      normal     No     Linux Gather Configurations
post/linux/gather/checkcontainer                                                                    normal     No     Linux Gather Container Detection
post/linux/gather/hashdump                                                                          normal     No     Linux Gather Dump Password Hashes for Linux Systems
post/linux/gather/gnome_commander_creds                                                             normal     No     Linux Gather Gnome-Commander Creds
post/multi/gather/enum_hexchat                                                                      normal     No     Linux Gather HexChat/XChat Enumeration
post/linux/gather/manageengine_password_manager_creds                                               normal     No     Linux Gather ManageEngine Password Manager Pro Password Extractor
post/linux/gather/enum_network                                                                      normal     No     Linux Gather Network Information
post/linux/gather/enum_psk                                                                          normal     No     Linux Gather NetworkManager 802-11-Wireless-Security Credentials
post/linux/gather/pptpd_chap_secrets                                                                normal     No     Linux Gather PPTP VPN chap-secrets Credentials
post/linux/gather/enum_protections                                                                  normal     No     Linux Gather Protection Enumeration
post/linux/gather/mount_cifs_creds                                                                  normal     No     Linux Gather Saved mount.cifs/mount.smbfs Credentials
post/linux/gather/enum_system                                                                       normal     No     Linux Gather System and User Information
post/linux/gather/tor_hiddenservices                                                                normal     No     Linux Gather TOR Hidden Services
post/linux/gather/enum_users_history                                                                normal     No     Linux Gather User History
post/linux/gather/checkvm                                                                           normal     No     Linux Gather Virtual Environment Detection
post/linux/manage/download_exec                                                                     normal     No     Linux Manage Download and Execute
exploit/linux/local/cve_2021_3490_ebpf_alu32_bounds_check_lpe                      2021-05-11       great      Yes    Linux eBPF ALU32 32-bit Invalid Bounds Tracking LPE
post/windows/manage/powershell/load_script                                                          normal     No     Load Scripts Into PowerShell Session
auxiliary/dos/windows/rdp/ms12_020_maxchannelids                                   2012-03-16       normal     No     MS12-020 Microsoft Remote Desktop Use-After-Free DoS
exploit/windows/browser/ms12_037_same_id                                           2012-06-12       normal     No     MS12-037 Microsoft Internet Explorer Same ID Property Deleted Object Handling Memory Corruption
exploit/windows/browser/msxml_get_definition_code_exec                             2012-06-12       good       No     MS12-043 Microsoft XML Core Services MSXML Uninitialized Memory Corruption
exploit/windows/browser/ie_cbutton_uaf                                             2012-12-27       normal     No     MS13-008 Microsoft Internet Explorer CButton Object Use-After-Free Vulnerability
exploit/windows/fileformat/ms13_071_theme                                          2013-09-10       excellent  No     MS13-071 Microsoft Windows Theme File Handling Arbitrary Code Execution
exploit/windows/browser/ie_setmousecapture_uaf                                     2013-09-17       normal     No     MS13-080 Microsoft Internet Explorer SetMouseCapture Use-After-Free
auxiliary/admin/kerberos/ms14_068_kerberos_checksum                                2014-11-18       normal     No     MS14-068 Microsoft Kerberos Checksum Validation Vulnerability
post/osx/gather/apfs_encrypted_volume_passwd                                       2018-03-21       normal     Yes    Mac OS X APFS Encrypted Volume Password Disclosure
auxiliary/gather/apple_safari_webarchive_uxss                                      2013-02-22       normal     No     Mac OS X Safari .webarchive File Format UXSS
exploit/multi/http/git_client_command_exec                                         2014-12-18       excellent  No     Malicious Git and Mercurial HTTP Server For CVE-2014-9390
exploit/windows/browser/malwarebytes_update_exec                                   2014-12-16       good       No     Malwarebytes Anti-Malware and Anti-Exploit Update Remote Code Execution
exploit/windows/http/manageengine_adselfservice_plus_cve_2022_28810                2022-04-09       excellent  Yes    ManageEngine ADSelfService Plus Custom Script Execution
exploit/windows/http/manageengine_connectionid_write                               2015-12-14       excellent  Yes    ManageEngine Desktop Central 9 FileUploadServlet ConnectionId Vulnerability
post/windows/gather/credentials/maxthon                                                             normal     No     Maxthon credential gatherer
post/hardware/automotive/mazda_ic_mover                                                             normal     No     Mazda 2 Instrument Cluster Accelorometer Mover
post/windows/gather/credentials/mcafee_vse_hashdump                                                 normal     No     McAfee Virus Scan Enterprise Password Hashes Dump
exploit/windows/scada/scadapro_cmdexe                                              2011-09-16       excellent  No     Measuresoft ScadaPro Remote Command Execution
exploit/multi/http/metasploit_static_secret_key_base                               2016-09-15       excellent  Yes    Metasploit Web UI Static secret_key_base Value
exploit/windows/local/ntusermndragover                                             2019-03-12       normal     Yes    Microsoft Windows NtUserMNDragOver Local Privilege Elevation
post/networking/gather/enum_mikrotik                                                                normal     No     Mikrotik Gather Device General Information
post/linux/gather/mimipenguin                                                      2018-05-23       normal     No     MimiPenguin
exploit/linux/upnp/miniupnpd_soap_bof                                              2013-03-27       normal     Yes    MiniUPnPd 1.0 Stack Buffer Overflow Remote Code Execution
auxiliary/dos/upnp/miniupnpd_dos                                                   2013-03-27       normal     No     MiniUPnPd 1.4 Denial of Service (DoS) Exploit
post/windows/gather/credentials/miranda                                                             normal     No     Miranda credential gatherer
post/hardware/automotive/canprobe                                                                   normal     No     Module to Probe Different Data Points in a CAN Packet
auxiliary/gather/mongodb_js_inject_collection_enum                                 2014-06-07       normal     No     MongoDB NoSQL Collection Enumeration Via Injection
exploit/multi/http/moodle_spelling_binary_rce                                      2013-10-30       excellent  Yes    Moodle Authenticated Spelling Binary RCE
post/multi/escalate/metasploit_pcaplog                                             2012-07-16       manual     No     Multi Escalate Metasploit pcap_log Local Privilege Escalation
post/multi/gather/dns_bruteforce                                                                    normal     No     Multi Gather DNS Forward Lookup Bruteforce
post/multi/gather/dns_reverse_lookup                                                                normal     No     Multi Gather DNS Reverse Lookup Scan
post/multi/gather/dns_srv_lookup                                                                    normal     No     Multi Gather DNS Service Record Lookup Scan
post/multi/gather/dbvis_enum                                                                        normal     No     Multi Gather DbVisualizer Connections Settings
post/multi/gather/docker_creds                                                                      normal     No     Multi Gather Docker Credentials Collection
post/multi/gather/filezilla_client_cred                                                             normal     No     Multi Gather FileZilla FTP Client Credential Collection
post/multi/gather/firefox_creds                                                                     normal     No     Multi Gather Firefox Signon Credential Collection
post/multi/gather/env                                                                               normal     No     Multi Gather Generic Operating System Environment Settings
post/multi/gather/gpg_creds                                                                         normal     No     Multi Gather GnuPG Credentials Collection
post/multi/gather/irssi_creds                                                                       normal     No     Multi Gather IRSSI IRC Password(s)
post/multi/gather/check_malware                                                                     normal     No     Multi Gather Malware Verifier
post/multi/gather/maven_creds                                                                       normal     No     Multi Gather Maven Credentials Collection
post/multi/gather/thunderbird_creds                                                                 normal     No     Multi Gather Mozilla Thunderbird Signon Credential Collection
post/multi/gather/ssh_creds                                                                         normal     No     Multi Gather OpenSSH PKI Credentials Collection
post/multi/gather/pidgin_cred                                                                       normal     No     Multi Gather Pidgin Instant Messenger Credential Collection
post/multi/gather/ping_sweep                                                                        normal     No     Multi Gather Ping Sweep
post/multi/gather/resolve_hosts                                                                     normal     No     Multi Gather Resolve Hosts
post/multi/gather/rubygems_api_key                                                                  normal     No     Multi Gather RubyGems API Key
post/multi/gather/run_console_rc_file                                                               normal     No     Multi Gather Run Console Resource File
post/multi/gather/multi_command                                                                     normal     No     Multi Gather Run Shell Command Resource File
post/multi/gather/skype_enum                                                                        normal     No     Multi Gather Skype User Data Enumeration
post/multi/gather/ubiquiti_unifi_backup                                                             normal     No     Multi Gather Ubiquiti UniFi Controller Backup
post/multi/gather/find_vmx                                                                          normal     No     Multi Gather VMWare VM Identification
post/multi/gather/enum_vbox                                                                         normal     No     Multi Gather VirtualBox VM Enumeration
post/multi/gather/pgpass_creds                                                                      normal     No     Multi Gather pgpass Credentials
post/multi/general/close                                                                            normal     No     Multi Generic Operating System Session Close
post/multi/general/execute                                                                          normal     No     Multi Generic Operating System Session Command Execution
post/multi/manage/dbvis_add_db_admin                                                                normal     No     Multi Manage DbVisualizer Add Db Admin
post/multi/manage/dbvis_query                                                                       normal     No     Multi Manage DbVisualizer Query
post/multi/manage/zip                                                                               normal     No     Multi Manage File Compressor
post/multi/manage/autoroute                                                                         normal     No     Multi Manage Network Route via Meterpreter Session
post/multi/manage/multi_post                                                                        normal     No     Multi Manage Post Module Macro Execution
post/multi/manage/record_mic                                                                        normal     No     Multi Manage Record Microphone
post/multi/manage/set_wallpaper                                                                     normal     No     Multi Manage Set Wallpaper
post/multi/manage/system_session                                                                    normal     No     Multi Manage System Remote TCP Shell Session
post/multi/manage/play_youtube                                                                      normal     No     Multi Manage YouTube Broadcast
post/multi/manage/screenshare                                                                       normal     No     Multi Manage the screen of the target meterpreter session
post/multi/manage/screensaver                                                                       normal     No     Multi Manage the screensaver of the target computer
post/multi/recon/local_exploit_suggester                                                            normal     No     Multi Recon Local Exploit Suggester
post/multi/gather/enum_software_versions                                                            normal     No     Multiplatform Installed Software Version Enumerator
post/multi/gather/wlan_geolocate                                                                    normal     No     Multiplatform WLAN Enumeration and Geolocation
post/multi/manage/sudo                                                                              normal     No     Multiple Linux / Unix Post Sudo Upgrade Shell
auxiliary/admin/http/mutiny_frontend_read_delete                                   2013-05-15       normal     No     Mutiny 5 Arbitrary File Read and Delete
exploit/linux/http/mutiny_frontend_upload                                          2013-05-15       excellent  Yes    Mutiny 5 Arbitrary File Upload
auxiliary/scanner/mysql/mysql_authbypass_hashdump                                  2012-06-09       normal     No     MySQL Authentication Bypass Password Dump
exploit/multi/http/nas4free_php_exec                                               2013-10-30       great      No     NAS4Free Arbitrary Remote Code Execution
auxiliary/scanner/http/novell_file_reporter_fsfui_fileaccess                       2012-11-16       normal     No     NFR Agent FSFUI Record Arbitrary Remote File Access
exploit/windows/novell/file_reporter_fsfui_upload                                  2012-11-16       great      No     NFR Agent FSFUI Record File Upload RCE
auxiliary/dos/http/novell_file_reporter_heap_bof                                   2012-11-16       normal     No     NFR Agent Heap Overflow Vulnerability
auxiliary/scanner/http/novell_file_reporter_srs_fileaccess                         2012-11-16       normal     No     NFR Agent SRS Record Arbitrary Remote File Access
post/windows/gather/ntds_grabber                                                                    normal     No     NTDS Grabber
auxiliary/scanner/ntp/ntp_req_nonce_dos                                            2014-08-25       normal     No     NTP Mode 6 REQ_NONCE DRDoS Scanner
auxiliary/scanner/ntp/ntp_unsettrap_dos                                            2014-08-25       normal     No     NTP Mode 6 UNSETTRAP DRDoS Scanner
auxiliary/scanner/ntp/ntp_reslist_dos                                              2014-08-25       normal     No     NTP Mode 7 GET_RESTRICT DRDoS Scanner
auxiliary/scanner/ntp/ntp_peer_list_dos                                            2014-08-25       normal     No     NTP Mode 7 PEER_LIST DoS Scanner
auxiliary/scanner/ntp/ntp_peer_list_sum_dos                                        2014-08-25       normal     No     NTP Mode 7 PEER_LIST_SUM DoS Scanner
post/linux/gather/enum_nagios_xi                                                   2018-04-17       normal     No     Nagios XI Enumeration
post/linux/manage/dns_spoofing                                                                      normal     No     Native DNS Spoofing module
auxiliary/scanner/snmp/netopia_enum                                                                 normal     No     Netopia 3347 Cable Modem Wifi Enumeration
auxiliary/admin/http/nexpose_xxe_file_read                                                          normal     No     Nexpose XXE Arbitrary File Read
auxiliary/scanner/http/zenworks_assetmanagement_getconfig                                           normal     No     Novell ZENworks Asset Management 7.5 Configuration Access
auxiliary/scanner/http/zenworks_assetmanagement_fileaccess                                          normal     No     Novell ZENworks Asset Management 7.5 Remote File Access
post/osx/gather/vnc_password_osx                                                                    normal     No     OS X Display Apple VNC Password
post/osx/gather/enum_adium                                                                          normal     No     OS X Gather Adium Enumeration
post/osx/gather/enum_airport                                                                        normal     No     OS X Gather Airport Wireless Preferences
post/osx/gather/enum_chicken_vnc_profile                                                            normal     No     OS X Gather Chicken of the VNC Profile
post/osx/gather/enum_colloquy                                                                       normal     No     OS X Gather Colloquy Enumeration
post/osx/gather/enum_keychain                                                                       normal     No     OS X Gather Keychain Enumeration
post/osx/gather/hashdump                                                                            normal     No     OS X Gather Mac OS X Password Hash Collector
post/osx/gather/enum_osx                                                                            normal     No     OS X Gather Mac OS X System Information Enumeration
post/osx/gather/enum_messages                                                                       normal     No     OS X Gather Messages
post/osx/manage/sonic_pi                                                                            normal     No     OS X Manage Sonic Pi
post/osx/admin/say                                                                                  normal     No     OS X Text to Speech Utility
post/osx/capture/keylog_recorder                                                                    normal     No     OSX Capture Userspace Keylogger
post/osx/gather/autologin_password                                                                  normal     No     OSX Gather Autologin Password as Root
post/osx/gather/safari_lastsession                                                                  normal     No     OSX Gather Safari LastSession.plist
post/osx/manage/record_mic                                                                          normal     No     OSX Manage Record Microphone
post/osx/manage/webcam                                                                              normal     No     OSX Manage Webcam
post/osx/manage/mount_share                                                                         normal     No     OSX Network Share Mounter
post/osx/gather/password_prompt_spoof                                                               normal     No     OSX Password Prompt Spoof
post/osx/capture/screen                                                                             normal     No     OSX Screen Capture
post/osx/manage/vpn                                                                                 normal     No     OSX VPN Manager
post/windows/gather/enum_onedrive                                                                   normal     No     OneDrive Sync Provider Enumeration Module
auxiliary/scanner/wproxy/att_open_proxy                                            2017-08-31       normal     No     Open WAN-to-LAN proxy on AT&T routers
post/multi/manage/open                                                                              normal     No     Open a file or URL on the target computer
exploit/multi/http/openmediavault_cmd_exec                                         2013-10-30       excellent  No     OpenMediaVault Cron Remote Command Execution
post/linux/gather/openvpn_credentials                                                               normal     No     OpenVPN Gather Credentials
auxiliary/admin/http/openbravo_xxe                                                 2013-10-30       normal     No     Openbravo ERP XXE Arbitrary File Read
post/windows/gather/credentials/opera                                                               normal     No     Opera credential gatherer
post/windows/gather/credentials/operamail                                                           normal     No     Operamail credential gatherer
exploit/windows/browser/oracle_autovue_setmarkupmode                               2012-04-18       normal     No     Oracle AutoVue ActiveX Control SetMarkupMode Buffer Overflow
post/windows/manage/peinjector                                                                      normal     No     Peinjector
post/linux/gather/phpmyadmin_credsteal                                                              normal     No     Phpmyadmin credentials stealer
exploit/unix/webapp/piwik_superuser_plugin_upload                                  2017-02-05       excellent  No     Piwik Superuser Plugin Upload
exploit/multi/upnp/libupnp_ssdp_overflow                                           2013-01-29       normal     No     Portable UPnP SDK unique_service_name() Remote Code Execution
post/windows/gather/ntds_location                                                                   normal     No     Post Windows Gather NTDS.DIT Location
post/windows/gather/credentials/postbox                                                             normal     No     Postbox credential gatherer
post/windows/manage/powershell/build_net_code                                      2012-08-14       excellent  No     Powershell .NET Compiler
post/linux/manage/pseudo_shell                                                                      normal     No     Pseudo-Shell Post-Exploitation Module
post/windows/gather/enum_putty_saved_sessions                                                       normal     No     PuTTY Saved Sessions Enumeration Module
post/windows/gather/credentials/qq                                                                  normal     No     QQ credential gatherer
post/hardware/rftransceiver/transmitter                                                             normal     No     RF Transceiver Transmitter
post/windows/gather/credentials/redis_desktop_manager                                               normal     No     RedisDesktopManager credential gatherer
post/multi/recon/reverse_lookup                                                                     normal     No     Reverse Lookup IP Addresses
exploit/multi/http/rails_xml_yaml_code_exec                                        2013-01-07       excellent  No     Ruby on Rails XML Processor YAML Deserialization Code Execution
auxiliary/scanner/http/rails_xml_yaml_scanner                                                       normal     No     Ruby on Rails XML Processor YAML Deserialization Scanner
post/linux/manage/sshkey_persistence                                                                excellent  No     SSH Key Persistence
post/windows/manage/sshkey_persistence                                                              good       No     SSH Key Persistence
post/windows/gather/credentials/safari                                                              normal     No     Safari credential gatherer
exploit/windows/sage/x3_adxsrv_auth_bypass_cmd_exec                                2021-07-07       good       Yes    Sage X3 Administration Service Authentication Bypass Command Execution
auxiliary/scanner/sage/x3_adxsrv_login                                                              normal     No     Sage X3 AdxAdmin Login Scanner
post/multi/gather/saltstack_salt                                                                    normal     No     SaltStack Salt Information Gatherer
post/hardware/automotive/malibu_overheat                                                            normal     No     Sample Module to Flood Temp Gauge on 2006 Malibu
post/hardware/automotive/identifymodules                                                            normal     No     Scan CAN Bus for Diagnostic Modules
post/windows/gather/credentials/seamonkey                                                           normal     No     Seamonkey credential gatherer
post/hardware/zigbee/zstumbler                                                                      normal     No     Sends Beacons to Scan for Active ZigBee Networks
post/multi/manage/shell_to_meterpreter                                                              normal     No     Shell to Meterpreter Upgrade
post/windows/gather/credentials/solarwinds_orion_dump                              2022-11-08       manual     No     SolarWinds Orion Secrets Dump
post/solaris/gather/enum_services                                                                   normal     No     Solaris Gather Configured Services
post/solaris/gather/hashdump                                                                        normal     No     Solaris Gather Dump Password Hashes for Solaris Systems
post/solaris/gather/enum_packages                                                                   normal     No     Solaris Gather Installed Packages
post/solaris/gather/checkvm                                                                         normal     No     Solaris Gather Virtual Environment Detection
post/solaris/escalate/pfexec                                                                        normal     No     Solaris pfexec Upgrade Shell
post/solaris/escalate/srsexec_readline                                             2007-05-07       normal     Yes    Solaris srsexec Arbitrary File Reader
exploit/linux/http/sonicwall_cve_2021_20039                                        2021-12-14       excellent  Yes    SonicWall SMA 100 Series Authenticated Command Injection
post/windows/gather/credentials/srware                                                              normal     No     Srware credential gatherer
post/windows/manage/sticky_keys                                                                     normal     No     Sticky Keys Persistance Module
post/multi/recon/sudo_commands                                                                      normal     No     Sudo Commands
auxiliary/scanner/http/smt_ipmi_cgi_scanner                                        2013-11-06       normal     No     Supermicro Onboard IPMI CGI Vulnerability Scanner
auxiliary/scanner/http/smt_ipmi_static_cert_scanner                                2013-11-06       normal     No     Supermicro Onboard IPMI Static SSL Certificate Scanner
exploit/linux/http/smt_ipmi_close_window_bof                                       2013-11-06       good       Yes    Supermicro Onboard IPMI close_window.cgi Buffer Overflow
auxiliary/scanner/http/smt_ipmi_url_redirect_traversal                             2013-11-06       normal     No     Supermicro Onboard IPMI url_redirect.cgi Authenticated Directory Traversal
post/windows/gather/credentials/tango                                                               normal     No     Tango credential gatherer
auxiliary/scanner/telnet/telnet_encrypt_overflow                                                    normal     No     Telnet Service Encryption Key ID Overflow Detection
post/windows/gather/credentials/thunderbird                                                         normal     No     Thunderbird credential gatherer
post/windows/gather/credentials/tlen                                                                normal     No     Tlen credential gatherer
post/multi/gather/fetchmailrc_creds                                                                 normal     No     UNIX Gather .fetchmailrc Credentials
post/multi/gather/netrc_creds                                                                       normal     No     UNIX Gather .netrc Credentials
post/multi/gather/aws_keys                                                                          normal     No     UNIX Gather AWS Keys
post/multi/gather/unix_cached_ad_hashes                                                             normal     No     UNIX Gather Cached AD Hashes
post/multi/gather/unix_kerberos_tickets                                                             normal     No     UNIX Gather Kerberos Tickets
post/multi/gather/rsyncd_creds                                                                      normal     No     UNIX Gather RSYNC Credentials
post/multi/gather/remmina_creds                                                                     normal     No     UNIX Gather Remmina Credentials
auxiliary/scanner/snmp/ubee_ddw3611                                                                 normal     No     Ubee DDW3611b Cable Modem Wifi Enumeration
auxiliary/scanner/ubiquiti/ubiquiti_discover                                                        normal     No     Ubiquiti Discovery Scanner
post/multi/manage/upload_exec                                                                       normal     No     Upload and Execute
exploit/linux/local/vmware_mount                                                   2013-08-22       excellent  Yes    VMWare Setuid vmware-mount Unsafe popen(3)
post/linux/gather/vcenter_secrets_dump                                             2022-04-15       normal     No     VMware vCenter Secrets Dump
auxiliary/vsploit/pii/web_pii                                                                       normal     No     VSploit Web PII
post/windows/gather/credentials/veeam_credential_dump                              2022-11-22       manual     No     Veeam Backup and Replication Credentials Dump
auxiliary/admin/atg/atg_client                                                                      normal     No     Veeder-Root Automatic Tank Gauge (ATG) Administrative Client
post/windows/gather/credentials/viber                                                               normal     No     Viber credential gatherer
auxiliary/admin/vxworks/wdbrpc_memory_dump                                                          normal     No     VxWorks WDB Agent Remote Memory Dump
auxiliary/admin/vxworks/wdbrpc_reboot                                                               normal     No     VxWorks WDB Agent Remote Reboot
post/networking/gather/enum_vyos                                                                    normal     No     VyOS Gather Device General Information
post/multi/manage/hsts_eraser                                                                       normal     No     Web browsers HSTS entries eraser
post/windows/manage/run_as_psh                                                                      normal     No     Windows 'Run As' Using Powershell
post/windows/gather/enum_ad_to_wordlist                                                             normal     No     Windows Active Directory Wordlist Builder
post/windows/gather/enum_av_excluded                                                                normal     No     Windows Antivirus Exclusions Enumeration
post/windows/capture/keylog_recorder                                                                normal     No     Windows Capture Keystroke Recorder
post/windows/capture/lockout_keylogger                                                              normal     No     Windows Capture Winlogon Lockout Credential Keylogger
post/windows/wlan/wlan_disconnect                                                                   normal     No     Windows Disconnect Wireless Connection
post/windows/gather/credentials/domain_hashdump                                                     normal     No     Windows Domain Controller Hashdump
post/windows/gather/lsa_secrets                                                                     normal     No     Windows Enumerate LSA Secrets
post/windows/escalate/golden_ticket                                                                 normal     No     Windows Escalate Golden Ticket
post/windows/escalate/screen_unlock                                                                 normal     No     Windows Escalate Locked Desktop Unlocker
post/windows/escalate/ms10_073_kbdlayout                                           2010-10-12       normal     No     Windows Escalate NtUserLoadKeyboardLayoutEx Privilege Escalation
post/windows/escalate/droplnk                                                                       normal     No     Windows Escalate SMB Icon LNK Dropper
post/windows/escalate/getsystem                                                                     normal     No     Windows Escalation
post/windows/gather/file_from_raw_ntfs                                                              normal     No     Windows File Gather File from Raw NTFS
post/windows/gather/arp_scanner                                                                     normal     No     Windows Gather ARP Scanner
post/windows/gather/enum_ad_bitlocker                                                               normal     No     Windows Gather Active Directory BitLocker Recovery
post/windows/gather/enum_ad_computers                                                               normal     No     Windows Gather Active Directory Computers
post/windows/gather/enum_ad_groups                                                                  normal     No     Windows Gather Active Directory Groups
post/windows/gather/enum_ad_managedby_groups                                                        normal     No     Windows Gather Active Directory Managed Groups
post/windows/gather/enum_ad_service_principal_names                                                 normal     No     Windows Gather Active Directory Service Principal Names
post/windows/gather/enum_ad_user_comments                                                           normal     No     Windows Gather Active Directory User Comments
post/windows/gather/enum_ad_users                                                                   normal     No     Windows Gather Active Directory Users
post/windows/gather/enum_tomcat                                                                     normal     No     Windows Gather Apache Tomcat Enumeration
post/multi/gather/apple_ios_backup                                                                  normal     No     Windows Gather Apple iOS MobileSync Backup File Collection
post/windows/gather/enum_patches                                                                    normal     No     Windows Gather Applied Patches
post/windows/gather/credentials/windows_autologin                                                   normal     No     Windows Gather AutoLogin User Credential Extractor
post/windows/gather/credentials/avira_password                                                      normal     No     Windows Gather Avira Password Extraction
post/windows/gather/bitcoin_jacker                                                                  normal     No     Windows Gather Bitcoin Wallet
post/windows/gather/credentials/bulletproof_ftp                                                     normal     No     Windows Gather BulletProof FTP Client Saved Password Extraction
post/windows/gather/credentials/coreftp                                                             normal     No     Windows Gather CoreFTP Saved Password Extraction
post/windows/gather/cachedump                                                                       normal     No     Windows Gather Credential Cache Dump
post/windows/gather/credentials/credential_collector                                                normal     No     Windows Gather Credential Collector
post/windows/gather/credentials/enum_cred_store                                                     normal     No     Windows Gather Credential Store Enumeration and Decryption Module
post/windows/gather/credentials/imvu                                                                normal     No     Windows Gather Credentials IMVU Game Client
post/windows/gather/credentials/enum_laps                                                           normal     No     Windows Gather Credentials Local Administrator Password Solution
post/windows/gather/dnscache_dump                                                                   normal     No     Windows Gather DNS Cache
post/windows/gather/enum_db                                                                         normal     No     Windows Gather Database Instance Enumeration
post/windows/gather/forensics/recovery_files                                                        normal     No     Windows Gather Deleted Files Enumeration and Recovering
post/windows/gather/enum_dirperms                                                                   normal     No     Windows Gather Directory Permissions Enumeration
post/windows/gather/enum_domains                                                                    normal     No     Windows Gather Domain Enumeration
post/windows/gather/dumplinks                                                                       normal     No     Windows Gather Dump Recent Files lnk Info
post/windows/gather/credentials/dyndns                                                              normal     No     Windows Gather DynDNS Client Password Extractor
post/windows/gather/credentials/dynazip_log                                        2001-03-27       normal     No     Windows Gather DynaZIP Saved Password Extraction
post/windows/gather/enum_emet                                                                       normal     No     Windows Gather EMET Protected Paths
post/windows/gather/enum_muicache                                                                   normal     No     Windows Gather Enum User MUICache
post/windows/gather/enum_domain_users                                                               normal     No     Windows Gather Enumerate Active Domain Users
post/windows/gather/enum_computers                                                                  normal     No     Windows Gather Enumerate Computers
post/windows/gather/enum_domain                                                                     normal     No     Windows Gather Enumerate Domain
post/windows/gather/enum_tokens                                                                     normal     No     Windows Gather Enumerate Domain Admin Tokens (Token Hunter)
post/windows/gather/enum_domain_group_users                                                         normal     No     Windows Gather Enumerate Domain Group
post/windows/gather/enum_domain_tokens                                                              normal     No     Windows Gather Enumerate Domain Tokens
post/windows/gather/exchange                                                                        normal     No     Windows Gather Exchange Server Mailboxes
post/windows/gather/credentials/ftpx                                                                normal     No     Windows Gather FTP Explorer (FTPX) Credential Extraction
post/windows/gather/credentials/ftpnavigator                                                        normal     No     Windows Gather FTP Navigator Saved Password Extraction
post/windows/gather/enum_artifacts                                                                  normal     No     Windows Gather File and Registry Artifacts Enumeration
post/windows/gather/credentials/filezilla_server                                                    normal     No     Windows Gather FileZilla FTP Server Credential Collection
post/windows/gather/credentials/flashfxp                                                            normal     No     Windows Gather FlashFXP Saved Password Extraction
post/windows/gather/forensics/imager                                                                normal     No     Windows Gather Forensic Imaging
post/windows/gather/forensics/duqu_check                                                            normal     No     Windows Gather Forensics Duqu Registry Check
post/windows/gather/enum_files                                                                      normal     No     Windows Gather Generic File Collection
post/windows/gather/enum_chrome                                                                     normal     No     Windows Gather Google Chrome User Data Enumeration
post/windows/gather/credentials/enum_picasa_pwds                                                    normal     No     Windows Gather Google Picasa Password Extractor
post/windows/gather/credentials/gpp                                                                 normal     No     Windows Gather Group Policy Preference Saved Passwords
post/windows/gather/enum_devices                                                                    normal     No     Windows Gather Hardware Enumeration
post/windows/gather/credentials/heidisql                                                            normal     No     Windows Gather HeidiSQL Saved Password Extraction
post/windows/gather/credentials/imail                                                               normal     No     Windows Gather IPSwitch iMail User Data Enumeration
post/windows/gather/enum_applications                                                               normal     No     Windows Gather Installed Application Enumeration
post/windows/gather/enum_chocolatey_applications                                                    normal     No     Windows Gather Installed Application Within Chocolatey Enumeration
post/windows/gather/credentials/idm                                                                 normal     No     Windows Gather Internet Download Manager (IDM) Password Extractor
post/windows/gather/enum_ie                                                                         normal     No     Windows Gather Internet Explorer User Data Enumeration
post/windows/gather/local_admin_search_enum                                                         normal     No     Windows Gather Local Admin Search
post/windows/gather/forensics/nbd_server                                                            normal     No     Windows Gather Local NBD Server
post/windows/gather/credentials/mssql_local_hashdump                                                normal     No     Windows Gather Local SQL Server Hash Dump
post/windows/gather/hashdump                                                                        normal     No     Windows Gather Local User Account Password Hashes (Registry)
post/windows/gather/resolve_sid                                                                     normal     No     Windows Gather Local User Account SID Lookup
post/windows/gather/smart_hashdump                                                                  normal     No     Windows Gather Local and Domain Controller Account Password Hashes
post/windows/gather/enum_logged_on_users                                                            normal     No     Windows Gather Logged On User Enumeration (Registry)
post/windows/gather/credentials/mdaemon_cred_collector                                              excellent  No     Windows Gather MDaemonEmailServer Credential Cracking
post/windows/gather/credentials/epo_sql                                                             normal     No     Windows Gather McAfee ePO 4.6 Config SQL Credentials
post/windows/gather/credentials/meebo                                                               normal     No     Windows Gather Meebo Password Extractor
post/windows/gather/enum_trusted_locations                                                          normal     No     Windows Gather Microsoft Office Trusted Locations
post/windows/gather/word_unc_injector                                                               normal     No     Windows Gather Microsoft Office Word UNC Path Injector
post/windows/gather/credentials/outlook                                                             normal     No     Windows Gather Microsoft Outlook Saved Password Extraction
post/windows/gather/credentials/moba_xterm                                                          normal     No     Windows Gather MobaXterm Passwords
post/windows/gather/credentials/navicat                                                             normal     No     Windows Gather Navicat Passwords
post/windows/gather/credentials/nimbuzz                                                             normal     No     Windows Gather Nimbuzz Instant Messenger Password Extractor
post/windows/gather/outlook                                                                         normal     No     Windows Gather Outlook Email Messages
post/windows/gather/psreadline_history                                                              normal     No     Windows Gather PSReadline History
post/windows/gather/forensics/enum_drives                                                           normal     No     Windows Gather Physical Drives and Logical Volumes
post/windows/gather/enum_powershell_env                                                             normal     No     Windows Gather PowerShell Environment Setting Enumeration
post/windows/gather/enum_prefetch                                                                   normal     No     Windows Gather Prefetch File Information
post/windows/gather/win_privs                                                                       normal     No     Windows Gather Privileges Enumeration
post/windows/gather/memory_grep                                                                     normal     No     Windows Gather Process Memory Grep
post/windows/gather/enum_ms_product_keys                                                            normal     No     Windows Gather Product Key
post/windows/gather/enum_proxy                                                                      normal     No     Windows Gather Proxy Setting
post/windows/gather/credentials/purevpn_cred_collector                                              normal     No     Windows Gather PureVPN Client Credential Collector
post/windows/gather/credentials/razer_synapse                                                       normal     No     Windows Gather Razer Synapse Password Extraction
post/windows/gather/credentials/razorsql                                                            normal     No     Windows Gather RazorSQL Credentials
post/windows/gather/credentials/rdc_manager_creds                                                   normal     No     Windows Gather Remote Desktop Connection Manager Saved Password Extraction
post/windows/gather/wmic_command                                                                    normal     No     Windows Gather Run WMIC Commands
post/windows/gather/enum_shares                                                                     normal     No     Windows Gather SMB Share Enumeration via Registry
post/windows/gather/enum_snmp                                                                       normal     No     Windows Gather SNMP Settings
post/windows/gather/screen_spy                                                                      normal     No     Windows Gather Screen Spy
post/windows/gather/enum_services                                                                   normal     No     Windows Gather Service Info Enumeration
post/windows/gather/credentials/skype                                                               normal     No     Windows Gather Skype Saved Password Hash Extraction
post/windows/gather/forensics/browser_history                                                       normal     No     Windows Gather Skype, Firefox, and Chrome Artifacts
post/windows/gather/credentials/smartftp                                                            normal     No     Windows Gather SmartFTP Saved Password Extraction
post/windows/gather/credentials/smartermail                                                         normal     No     Windows Gather SmarterMail Password Extraction
post/windows/gather/credentials/spark_im                                                            normal     No     Windows Gather Spark IM Password Extraction
post/windows/gather/credentials/steam                                                               normal     No     Windows Gather Steam Client Session Collector.
post/windows/gather/tcpnetstat                                                                      normal     No     Windows Gather TCP Netstat
post/windows/gather/credentials/teamviewer_passwords                                                normal     No     Windows Gather TeamViewer Passwords
post/windows/gather/enum_termserv                                                                   normal     No     Windows Gather Terminal Server Client Connection Information Dumper
post/windows/gather/credentials/tortoisesvn                                                         normal     No     Windows Gather TortoiseSVN Saved Password Extraction
post/windows/gather/credentials/total_commander                                                     normal     No     Windows Gather Total Commander Saved Password Extraction
post/windows/gather/credentials/trillian                                                            normal     No     Windows Gather Trillian Password Extractor
post/windows/gather/usb_history                                                                     normal     No     Windows Gather USB Drive History
post/windows/gather/enum_unattend                                                                   normal     No     Windows Gather Unattended Answer File Enumeration
post/windows/gather/phish_windows_credentials                                                       normal     No     Windows Gather User Credentials (phishing)
post/windows/gather/credentials/vnc                                                                 normal     No     Windows Gather VNC Password Extraction
post/windows/gather/checkvm                                                                         normal     No     Windows Gather Virtual Environment Detection
post/windows/gather/credentials/wsftp_client                                                        normal     No     Windows Gather WS_FTP Saved Password Extraction
post/windows/gather/credentials/winscp                                                              normal     No     Windows Gather WinSCP Saved Password Extraction
post/windows/gather/enum_hostfile                                                                   normal     No     Windows Gather Windows Host File Enumeration
post/windows/wlan/wlan_bss_list                                                                     normal     No     Windows Gather Wireless BSS Info
post/windows/wlan/wlan_current_connection                                                           normal     No     Windows Gather Wireless Current Connection Info
post/windows/wlan/wlan_profile                                                                      normal     No     Windows Gather Wireless Profile
post/windows/gather/credentials/xshell_xftp_password                                                normal     No     Windows Gather Xshell and Xftp Passwords
post/windows/gather/credentials/mremote                                                             normal     No     Windows Gather mRemote Saved Password Extraction
post/windows/gather/enum_hyperv_vms                                                                 normal     No     Windows Hyper-V VM Enumeration
post/windows/gather/enum_av                                                                         normal     No     Windows Installed AntiVirus Enumeration
post/windows/gather/credentials/windowslivemail                                                     normal     No     Windows Live Mail credential gatherer
post/windows/manage/hashcarve                                                                       normal     No     Windows Local User Account Hash Carver
post/windows/manage/add_user                                                                        normal     No     Windows Manage Add User to the Domain and/or to a Domain Group
post/windows/manage/inject_ca                                                                       normal     No     Windows Manage Certificate Authority Injection
post/windows/manage/remove_ca                                                                       normal     No     Windows Manage Certificate Authority Removal
post/windows/manage/change_password                                                                 normal     No     Windows Manage Change Password
post/windows/manage/download_exec                                                                   normal     No     Windows Manage Download and/or Execute
post/windows/manage/driver_loader                                                                   normal     No     Windows Manage Driver Loader
post/windows/manage/enable_rdp                                                                      normal     No     Windows Manage Enable Remote Desktop
post/windows/manage/remove_host                                                                     normal     No     Windows Manage Host File Entry Removal
post/windows/manage/inject_host                                                                     normal     No     Windows Manage Hosts File Injection
post/windows/manage/multi_meterpreter_inject                                                        normal     No     Windows Manage Inject in Memory Multiple Payloads
post/windows/manage/mssql_local_auth_bypass                                                         normal     No     Windows Manage Local Microsoft SQL Server Authorization Bypass
post/windows/manage/nbd_server                                                                      normal     No     Windows Manage Local NBD Server for Remote Disks
post/windows/manage/delete_user                                                                     normal     No     Windows Manage Local User Account Deletion
post/windows/manage/shellcode_inject                                                                normal     No     Windows Manage Memory Shellcode Injection Module
post/windows/manage/pxeexploit                                                                      normal     No     Windows Manage PXE Exploit Server
post/windows/manage/persistence_exe                                                                 normal     No     Windows Manage Persistent EXE Payload Installer
post/windows/manage/powershell/exec_powershell                                                      normal     No     Windows Manage PowerShell Download and/or Execute
post/windows/manage/priv_migrate                                                                    normal     No     Windows Manage Privilege Based Process Migration
post/windows/manage/migrate                                                                         normal     No     Windows Manage Process Migration
post/windows/manage/ie_proxypac                                                                     normal     No     Windows Manage Proxy PAC File
post/windows/manage/clone_proxy_settings                                                            normal     No     Windows Manage Proxy Setting Cloner
post/windows/manage/rid_hijack                                                                      normal     No     Windows Manage RID Hijacking
post/windows/manage/reflective_dll_inject                                                           normal     No     Windows Manage Reflective DLL Injection Module
post/windows/manage/rpcapd_start                                                                    normal     No     Windows Manage Remote Packet Capture Service Starter
post/windows/manage/pptp_tunnel                                                                     normal     No     Windows Manage Remote Point-to-Point Tunneling Protocol
post/windows/manage/run_as                                                                          normal     No     Windows Manage Run Command As User
post/windows/manage/sdel                                                                            normal     No     Windows Manage Safe Delete
post/windows/manage/portproxy                                                                       normal     No     Windows Manage Set Port Forwarding With PortProxy
post/windows/manage/enable_support_account                                                          normal     No     Windows Manage Trojanize Support Account
post/windows/manage/vmdk_mount                                                                      normal     No     Windows Manage VMDK Mount Drive
post/windows/manage/vss                                                                             normal     No     Windows Manage Volume Shadow Copies
post/windows/manage/webcam                                                                          normal     No     Windows Manage Webcam
post/windows/gather/netlm_downgrade                                                                 normal     No     Windows NetLM Downgrade Attack
post/windows/recon/outbound_ports                                                                   normal     No     Windows Outbound-Filtering Rules
post/windows/manage/killav                                                                          normal     No     Windows Post Kill Antivirus and Hips
post/windows/manage/wdigest_caching                                                                 normal     No     Windows Post Manage WDigest Credential Caching
post/windows/manage/exec_powershell                                                                 normal     No     Windows Powershell Execution Post Module
post/windows/gather/memory_dump                                                                     normal     No     Windows Process Memory Dump
post/windows/gather/credentials/pulse_secure                                                        normal     Yes    Windows Pulse Secure Connect Client Saved Password Extractor
post/windows/recon/computer_browser_discovery                                                       normal     No     Windows Recon Computer Browser Discovery
post/windows/gather/credentials/windows_sam_hivenightmare                          2021-07-20       normal     No     Windows SAM secrets leak - HiveNightmare
auxiliary/fileformat/multidrop                                                                      normal     No     Windows SMB Multi Dropper
post/windows/gather/credentials/securecrt                                                           normal     No     Windows SecureCRT Session Information Enumeration
post/windows/wlan/wlan_probe_request                                                                normal     No     Windows Send Probe Request Packets
post/windows/gather/credentials/sso                                                                 normal     No     Windows Single Sign On Credential Collector (Mimikatz)
post/windows/escalate/unmarshal_cmd_exec                                           2018-08-05       normal     No     Windows unmarshal post exploitation
post/multi/general/wall                                                                             normal     No     Write Messages to Users
post/windows/gather/credentials/xchat                                                               normal     No     Xchat credential gatherer
auxiliary/admin/scada/yokogawa_bkbcopyd_client                                     2014-08-09       normal     No     Yokogawa BKBCopyD.exe Client
exploit/windows/scada/yokogawa_bkbcopyd_bof                                        2014-03-10       normal     Yes    Yokogawa CENTUM CS 3000 BKBCopyD.exe Buffer Overflow
auxiliary/dos/scada/yokogawa_logsvr                                                2014-03-10       normal     No     Yokogawa CENTUM CS 3000 BKCLogSvr.exe Heap Buffer Overflow
exploit/windows/scada/yokogawa_bkhodeq_bof                                         2014-03-10       average    Yes    Yokogawa CENTUM CS 3000 BKHOdeq.exe Buffer Overflow
exploit/windows/scada/yokogawa_bkesimmgr_bof                                       2014-03-10       normal     Yes    Yokogawa CS3000 BKESimmgr.exe Buffer Overflow
exploit/windows/scada/yokogawa_bkfsim_vhfd                                         2014-05-23       normal     No     Yokogawa CS3000 BKFSim_vhfd.exe Buffer Overflow
exploit/multi/http/zabbix_script_exec                                              2013-10-30       excellent  Yes    Zabbix Authenticated Remote Command Execution
exploit/linux/http/zyxel_ztp_rce                                                   2022-04-28       excellent  Yes    Zyxel Firewall ZTP Unauthenticated Command Injection
post/android/gather/sub_info                                                                        normal     No     extracts subscriber info from target device
post/apple_ios/gather/ios_image_gather                                                              normal     No     iOS Image Gatherer
post/apple_ios/gather/ios_text_gather                                                               normal     No     iOS Text Gatherer
exploit/multi/http/vtiger_php_exec                                                 2013-10-30       excellent  Yes    vTigerCRM v5.4.0/v5.3.0 Authenticated Remote Code Execution

